{"sentinel2_l2a": {"B02": {"mean": 1188.9412572078477, "var": 2.791520946992842e+17, "std": 1859.1923971769581, "count": 80759239680}, "B03": {"mean": 1407.7739105458452, "var": 2.410728847360413e+17, "std": 1727.7387413631088, "count": 80759239680}, "B04": {"mean": 1513.0573882432757, "var": 2.4472473544787395e+17, "std": 1740.7757298757895, "count": 80759239680}, "B08": {"mean": 2755.481305028308, "var": 2.0992324559455693e+17, "std": 1612.2565699990187, "count": 80759239680}, "B05": {"mean": 1890.9893042634167, "var": 2.4866452540552595e+17, "std": 1754.7320388511766, "count": 80759239680}, "B06": {"mean": 2483.7812315422448, "var": 2.1249891592086426e+17, "std": 1622.1172720635755, "count": 80759239680}, "B07": {"mean": 2722.728248756412, "var": 2.124217227465368e+17, "std": 1621.8226170190276, "count": 80759239680}, "B8A": {"mean": 2885.570263047681, "var": 2.0968951062647952e+17, "std": 1611.3587521042082, "count": 80759239680}, "B11": {"mean": 2562.852607796968, "var": 1.6782240678462064e+17, "std": 1441.5471830655151, "count": 80759239680}, "B12": {"mean": 1914.1383249044113, "var": 1.4261697755440266e+17, "std": 1328.8914382756407, "count": 80759239680}, "B01": {"mean": 1115.8494388252218, "var": 3.088846514453966e+17, "std": 1955.6991794280914, "count": 80759239680}, "B09": {"mean": 3269.812554170875, "var": 5.675977283522662e+17, "std": 2651.088425085525, "count": 80759239680}}, "sentinel1": {"vv": {"mean": -11.648990747328444, "var": 9137154192072.52, "std": 10.840350299936597, "count": 77754283008}, "vh": {"mean": -17.745436133270044, "var": 8115390892690.797, "std": 10.216274681392647, "count": 77754283008}}, "worldcover": {"B1": {"mean": 34.04615796218091, "var": 3952311257533.2505, "std": 24.232421963981864, "count": 6730657536}}, "openstreetmap_raster": {"aerialway_pylon": {"mean": 3.268625670275096e-09, "var": 21.99999992809016, "std": 5.7171895714513017e-05, "count": 6730657536}, "aerodrome": {"mean": 0.0005483679685467263, "var": 3688853.0412773234, "std": 0.023410836403635574, "count": 6730657536}, "airstrip": {"mean": 2.763474430323485e-08, "var": 185.99999485993794, "std": 0.00016623701013780207, "count": 6730657536}, "amenity_fuel": {"mean": 8.143483709702121e-06, "var": 54810.553647514935, "std": 0.0028536673585712997, "count": 6730657536}, "building": {"mean": 0.002926545570717928, "var": 19639930.14620314, "std": 0.05401833856886387, "count": 6730657536}, "chimney": {"mean": 1.3223076575203749e-08, "var": 88.99999882314584, "std": 0.00011499163621913517, "count": 6730657536}, "communications_tower": {"mean": 4.4572168231023777e-10, "var": 2.9999999986627772, "std": 2.111212168664157e-05, "count": 6730657536}, "crane": {"mean": 3.1200517761716798e-09, "var": 20.999999934479092, "std": 5.58574235570973e-05, "count": 6730657536}, "flagpole": {"mean": 8.765859752101227e-09, "var": 58.99999948281458, "std": 9.36261698205213e-05, "count": 6730657536}, "fountain": {"mean": 2.035462349216746e-08, "var": 136.9999972114177, "std": 0.0001426696291361865, "count": 6730657536}, "generator_wind": {"mean": 2.2137510221408273e-08, "var": 148.99999670151027, "std": 0.00014878679286596313, "count": 6730657536}, "helipad": {"mean": 1.2925928786996929e-08, "var": 86.99999887544458, "std": 0.00011369225400139324, "count": 6730657536}, "highway": {"mean": 0.00300212466492663, "var": 20145611.2494405, "std": 0.054709340266748695, "count": 6730657536}, "leisure": {"mean": 0.012235164478289672, "var": 81343127.61612692, "std": 0.1099339130044902, "count": 6730657536}, "lighthouse": {"mean": 1.0400172587238858e-09, "var": 6.9999999927198715, "std": 3.224929856046874e-05, "count": 6730657536}, "obelisk": {"mean": 0.0, "var": 0.0, "std": 0.0, "count": 6730657536}, "observatory": {"mean": 0.0, "var": 0.0, "std": 0.0, "count": 6730657536}, "parking": {"mean": 0.00015735475981882094, "var": 1058934.3454165144, "std": 0.012543125579311552, "count": 6730657536}, "petroleum_well": {"mean": 9.063007540308288e-09, "var": 60.99999944715693, "std": 9.519982908687452e-05, "count": 6730657536}, "power_plant": {"mean": 0.00017080322299137287, "var": 1149421.6415403832, "std": 0.013068054531964258, "count": 6730657536}, "power_substation": {"mean": 4.1668440044666777e-05, "var": 280444.31383597775, "std": 0.006454975118911828, "count": 6730657536}, "power_tower": {"mean": 1.2758040286660268e-06, "var": 8586.989044670841, "std": 0.001129514232309664, "count": 6730657536}, "river": {"mean": 0.00021012568124815055, "var": 1413986.8226110076, "std": 0.014494189471861775, "count": 6730657536}, "runway": {"mean": 2.6830959536135113e-06, "var": 18058.95154597019, "std": 0.001638013661301283, "count": 6730657536}, "satellite_dish": {"mean": 7.428694705170705e-10, "var": 4.999999996285557, "std": 2.725563189443961e-05, "count": 6730657536}, "silo": {"mean": 1.3223076575203721e-08, "var": 88.99999882314572, "std": 0.00011499163621913507, "count": 6730657536}, "storage_tank": {"mean": 7.814986829839476e-08, "var": 525.9999588931686, "std": 0.00027955296848896635, "count": 6730657536}, "taxiway": {"mean": 3.626540181170171e-06, "var": 24408.911479780345, "std": 0.001904344251803349, "count": 6730657536}, "water_tower": {"mean": 0.0, "var": 0.0, "std": 0.0, "count": 6730657536}, "works": {"mean": 0.00012321247895385348, "var": 829198.8197679858, "std": 0.011099427806823351, "count": 6730657536}}, "srtm": {"srtm": {"mean": 677.0219719644446, "var": 6612037978190837.0, "std": 993.1721306513513, "count": 6703263488}}, "landsat": {"B8": {"mean": 10132.090998288624, "var": 4.702238425406625e+18, "std": 7788.7282476413675, "count": 77512464128}, "B1": {"mean": 11000.959519415692, "var": 4.786155598151494e+18, "std": 7857.9205791510285, "count": 77512464128}, "B2": {"mean": 10493.416292898208, "var": 4.803800698662304e+18, "std": 7872.392135393957, "count": 77512464128}, "B3": {"mean": 10146.318478942761, "var": 4.567440213435377e+18, "std": 7676.2774595217115, "count": 77512464128}, "B4": {"mean": 10236.446029167704, "var": 5.0083090134013e+18, "std": 8038.218121686258, "count": 77512464128}, "B5": {"mean": 14427.021492873682, "var": 6.707559204393623e+18, "std": 9302.431605916356, "count": 77512464128}, "B6": {"mean": 12164.08145353199, "var": 4.2933515835909453e+18, "std": 7442.390533225441, "count": 77512464128}, "B7": {"mean": 9712.032951062303, "var": 2.8256369205736535e+18, "std": 6037.712185433222, "count": 77512464128}, "B9": {"mean": 4585.469566989013, "var": 5.039241386881399e+17, "std": 2549.745355740949, "count": 77512464128}, "B10": {"mean": 21347.89356940543, "var": 9.306302855341847e+18, "std": 10957.2815012006, "count": 77512464128}, "B11": {"mean": 19686.23205859348, "var": 7.614535407312552e+18, "std": 9911.421224126807, "count": 77512464128}}, "naip": {"R": {"mean": 102.38483102526445, "var": 178051124770.29294, "std": 47.60173736860241, "count": 78577664}, "G": {"mean": 109.30740000109955, "var": 133392769940.44594, "std": 41.201837847619906, "count": 78577664}, "B": {"mean": 94.091226598439, "var": 100994511228.71494, "std": 35.850839436913006, "count": 78577664}, "IR": {"mean": 128.47451396620818, "var": 242937690910.82758, "std": 55.60295757894139, "count": 78577664}}, "total_n": 103896, "sampled_n": 103896, "tile_path": "/weka/dfive-default/helios/dataset/presto/h5py_data"}