{"sentinel2_l2a": {"B02": {"mean": 1188.9412572078477, "var": 2.791520946992842e+17, "std": 1859.1923971769581, "count": 80759239680}, "B03": {"mean": 1407.7739105458452, "var": 2.410728847360413e+17, "std": 1727.7387413631088, "count": 80759239680}, "B04": {"mean": 1513.0573882432757, "var": 2.4472473544787395e+17, "std": 1740.7757298757895, "count": 80759239680}, "B08": {"mean": 2755.481305028308, "var": 2.0992324559455693e+17, "std": 1612.2565699990187, "count": 80759239680}, "B05": {"mean": 1890.9893042634167, "var": 2.4866452540552595e+17, "std": 1754.7320388511766, "count": 80759239680}, "B06": {"mean": 2483.7812315422448, "var": 2.1249891592086426e+17, "std": 1622.1172720635755, "count": 80759239680}, "B07": {"mean": 2722.728248756412, "var": 2.124217227465368e+17, "std": 1621.8226170190276, "count": 80759239680}, "B8A": {"mean": 2885.570263047681, "var": 2.0968951062647952e+17, "std": 1611.3587521042082, "count": 80759239680}, "B11": {"mean": 2562.852607796968, "var": 1.6782240678462064e+17, "std": 1441.5471830655151, "count": 80759239680}, "B12": {"mean": 1914.1383249044113, "var": 1.4261697755440266e+17, "std": 1328.8914382756407, "count": 80759239680}, "B01": {"mean": 1115.8494388252218, "var": 3.088846514453966e+17, "std": 1955.6991794280914, "count": 80759239680}, "B09": {"mean": 3269.812554170875, "var": 5.675977283522662e+17, "std": 2651.088425085525, "count": 80759239680}}, "sentinel1": {"vv": {"mean": -11.648990747328444, "var": 9137154192072.52, "std": 10.840350299936597, "count": 77754283008}, "vh": {"mean": -17.745436133270044, "var": 8115390892690.797, "std": 10.216274681392647, "count": 77754283008}}, "worldcover": {"B1": {"mean": 34.04615796218091, "var": 3952311257533.2505, "std": 24.232421963981864, "count": 6730657536}}, "srtm": {"srtm": {"mean": 677.0219719644446, "var": 6612037978190837.0, "std": 993.1721306513513, "count": 6703263488}}, "landsat": {"B8": {"mean": 10132.090998288624, "var": 4.702238425406625e+18, "std": 7788.7282476413675, "count": 77512464128}, "B1": {"mean": 11000.959519415692, "var": 4.786155598151494e+18, "std": 7857.9205791510285, "count": 77512464128}, "B2": {"mean": 10493.416292898208, "var": 4.803800698662304e+18, "std": 7872.392135393957, "count": 77512464128}, "B3": {"mean": 10146.318478942761, "var": 4.567440213435377e+18, "std": 7676.2774595217115, "count": 77512464128}, "B4": {"mean": 10236.446029167704, "var": 5.0083090134013e+18, "std": 8038.218121686258, "count": 77512464128}, "B5": {"mean": 14427.021492873682, "var": 6.707559204393623e+18, "std": 9302.431605916356, "count": 77512464128}, "B6": {"mean": 12164.08145353199, "var": 4.2933515835909453e+18, "std": 7442.390533225441, "count": 77512464128}, "B7": {"mean": 9712.032951062303, "var": 2.8256369205736535e+18, "std": 6037.712185433222, "count": 77512464128}, "B9": {"mean": 4585.469566989013, "var": 5.039241386881399e+17, "std": 2549.745355740949, "count": 77512464128}, "B10": {"mean": 21347.89356940543, "var": 9.306302855341847e+18, "std": 10957.2815012006, "count": 77512464128}, "B11": {"mean": 19686.23205859348, "var": 7.614535407312552e+18, "std": 9911.421224126807, "count": 77512464128}}, "naip": {"R": {"mean": 102.38483102526445, "var": 178051124770.29294, "std": 47.60173736860241, "count": 78577664}, "G": {"mean": 109.30740000109955, "var": 133392769940.44594, "std": 41.201837847619906, "count": 78577664}, "B": {"mean": 94.091226598439, "var": 100994511228.71494, "std": 35.850839436913006, "count": 78577664}, "IR": {"mean": 128.47451396620818, "var": 242937690910.82758, "std": 55.60295757894139, "count": 78577664}}, "total_n": 103896, "sampled_n": 103896, "tile_path": "/weka/dfive-default/helios/dataset/presto/h5py_data"}